{"cameraMode":{"drawMode":0,"name":"Shaded","section":"Shading Mode"},"sceneLighting":true,"audioPlay":false,"sceneViewState":{"showFog":true,"showMaterialUpdate":false,"showSkybox":true,"showFlares":true,"showImageEffects":true,"showParticleSystems":true},"in2DMode":false,"pivot":{"x":-2.834094762802124,"y":-3.638519048690796,"z":10.451559066772461},"rotation":{"x":-0.1675177812576294,"y":-0.00532521540299058,"z":0.0009030341170728207,"w":-0.985877513885498},"size":22.647926330566408,"orthographic":false}